feature,star neighbors
2913,3531
2914,3083 3084 3085 3086 3087 3088 3089 3423 3424 3425
2915,3083 3084 3085 3086 3087 3088 3089 3423 3424 3425
2916,3083 3084 3085 3086 3087 3088 3089 3423 3424 3425
2917,3083 3084 3085 3086 3087 3088 3089 3423 3424 3425
2918,3083 3084 3085 3086 3087 3088 3089 3423 3424 3425
2919,3094 3096 3097 3101 3104 3256 3374 3416 3427 3428 3431 3432 3435 3436 3437 3526 3532 3534
2920,3094 3096 3097 3101 3102 3104 3238 3256 3257 3374 3416 3428 3431 3435 3436 3437 3438 3526 3532 3534 3537 3538
2921,3094 3096 3097 3101 3102 3104 3238 3256 3257 3374 3416 3428 3431 3435 3436 3437 3438 3526 3532 3534 3537 3538
2922,3094 3096 3097 3101 3102 3104 3238 3256 3257 3374 3416 3428 3431 3435 3436 3437 3438 3526 3532 3534 3537 3538
2923,3094 3096 3097 3101 3102 3104 3238 3256 3257 3374 3416 3428 3431 3435 3436 3437 3438 3526 3532 3534 3537 3538
2924,3094 3096 3097 3101 3102 3104 3256 3257 3374 3416 3428 3431 3432 3435 3436 3437 3438 3526 3532 3534 3537 3538
2925,3096 3097 3098 3101 3103 3104 3374 3416 3426 3427 3428 3431 3432 3435 3436 3526
2926,3094 3096 3097 3101 3102 3103 3104 3256 3257 3374 3416 3428 3431 3432 3435 3436 3438 3526 3532 3534 3537 3538
2927,3094 3096 3097 3101 3102 3103 3104 3256 3257 3374 3416 3427 3428 3431 3432 3435 3436 3437 3438 3526 3532 3534 3537 3538
2928,3092 3093 3098 3099 3373 3429 3430
2929,3092 3093 3098 3099 3373 3429 3430
2930,3092 3098 3099 3103 3427 3429 3430 3432
2931,3094 3096 3097 3101 3104 3374 3416 3427 3428 3431 3432 3435 3436 3437 3526 3532 3534
2932,3092 3098 3103 3427
2933,3092 3098 3103 3427
2934,3096 3097 3101 3104 3374 3416 3426 3427 3428 3432 3435 3436 3437 3526 3533
2935,3097 3104 3236 3426 3437 3533
2936,3094 3237 3238 3239 3515 3534 3549
2937,3094 3096 3097 3101 3102 3104 3256 3257 3374 3416 3428 3431 3432 3435 3436 3437 3438 3526 3532 3534 3537 3538
2938,3094 3096 3097 3098 3101 3102 3103 3104 3256 3257 3374 3416 3427 3428 3431 3432 3435 3436 3438 3526 3532 3534 3537 3538
2939,3094 3096 3097 3101 3102 3103 3104 3256 3257 3374 3416 3427 3428 3431 3432 3435 3436 3438 3526 3532 3534 3537 3538
2940,3094 3096 3097 3101 3102 3103 3104 3256 3257 3374 3416 3427 3428 3431 3432 3435 3436 3438 3526 3532 3534 3537 3538
2941,3094 3097 3104 3238 3428 3437 3533 3534
2942,3096 3097 3101 3104 3238 3374 3416 3426 3427 3428 3435 3436 3437 3526 3533 3534
2943,3094 3096 3101 3102 3256 3257 3374 3416 3428 3431 3432 3435 3436 3438 3526 3532 3534 3537 3538
2944,3094 3096 3101 3102 3256 3257 3374 3416 3428 3431 3432 3435 3436 3438 3526 3532 3534 3537 3538
2945,3094 3096 3101 3102 3256 3257 3374 3416 3428 3431 3432 3435 3436 3438 3526 3532 3534 3537 3538
2946,3094 3096 3101 3102 3256 3257 3374 3416 3428 3431 3432 3435 3436 3438 3526 3532 3534 3537 3538
2947,3094 3096 3101 3102 3256 3257 3374 3416 3428 3431 3432 3435 3436 3438 3526 3532 3534 3537 3538
2948,3094 3096 3101 3102 3256 3257 3374 3416 3428 3431 3432 3435 3436 3438 3526 3532 3534 3537 3538
2949,3094 3096 3101 3102 3256 3257 3374 3416 3428 3431 3432 3435 3436 3438 3526 3532 3534 3537 3538
2950,3094 3096 3101 3102 3256 3257 3374 3416 3428 3431 3432 3435 3436 3438 3526 3532 3534 3537 3538
2951,3094 3096 3101 3102 3256 3257 3374 3416 3428 3431 3432 3435 3436 3438 3526 3532 3534 3537 3538
2952,3094 3096 3101 3102 3256 3257 3374 3416 3428 3431 3432 3435 3436 3438 3526 3532 3534 3537 3538
2953,3094 3096 3101 3102 3256 3257 3374 3416 3428 3431 3432 3435 3436 3438 3526 3532 3534 3537 3538
2954,3094 3096 3101 3102 3256 3257 3374 3416 3428 3431 3432 3435 3436 3438 3526 3532 3534 3537 3538
2955,3096 3098 3099 3101 3103 3374 3416 3428 3431 3432 3435 3436 3526 3532
2956,3096 3098 3099 3101 3103 3374 3416 3428 3431 3432 3435 3436 3526 3532
2957,3105 3109 3110 3111 3112 3439
2958,3105 3109 3110 3111 3112 3439
2959,3105 3109 3110 3111 3112 3439
2960,3105 3109 3110 3111 3112 3439
2961,3105 3109 3110 3111 3112 3439
2962,3116 3117 3118 3119 3120 3121 3122 3123 3124 3125 3126 3127 3128 3129 3130 3131 3132 3133 3134 3187 3234 3258 3259 3260 3261 3262 3263 3264 3265 3266 3267 3268 3269 3270 3271 3272 3273 3274 3275 3276 3277 3278 3279 3280 3281 3282 3283 3284 3285 3286 3287 3288 3289 3290 3291 3292 3293 3294 3295 3296 3297 3298 3299 3332 3333 3334 3335 3336 3337 3338 3339 3340 3341 3342 3347 3355 3356 3362 3363 3364 3378 3379 3380 3381 3382 3383 3384 3417 3418 3443 3444 3445 3446 3447 3448 3449 3450 3451 3452 3453 3454 3455 3456 3457 3458 3459 3460 3461 3462 3463 3464 3504 3527 3528 3540 3541 3542 3543 3544 3548
2963,
2964,3116 3117 3118 3119 3120 3121 3122 3123 3124 3125 3126 3127 3128 3129 3130 3131 3132 3133 3134 3187 3188 3234 3258 3259 3260 3261 3262 3263 3264 3265 3266 3267 3268 3269 3270 3271 3272 3273 3274 3275 3276 3277 3278 3279 3280 3281 3282 3283 3284 3285 3286 3287 3288 3289 3290 3291 3292 3293 3294 3295 3296 3297 3298 3299 3332 3333 3334 3335 3336 3337 3338 3339 3340 3341 3342 3347 3362 3363 3364 3378 3379 3380 3381 3382 3383 3384 3417 3418 3443 3444 3445 3446 3447 3448 3449 3450 3451 3452 3453 3454 3455 3456 3457 3458 3459 3460 3461 3462 3463 3464 3482 3483 3484 3485 3486 3487 3527 3528 3529 3540 3541 3542 3543 3544 3548
2965,3116 3117 3118 3119 3120 3121 3122 3123 3124 3125 3126 3127 3128 3129 3130 3131 3132 3133 3134 3187 3188 3234 3258 3259 3260 3261 3262 3263 3264 3265 3266 3267 3268 3269 3270 3271 3272 3273 3274 3275 3276 3277 3278 3279 3280 3281 3282 3283 3284 3285 3286 3287 3288 3289 3290 3291 3292 3293 3294 3295 3296 3297 3298 3299 3332 3333 3334 3335 3336 3337 3338 3339 3340 3341 3342 3347 3362 3363 3364 3378 3379 3380 3381 3382 3383 3384 3417 3418 3443 3444 3445 3446 3447 3448 3449 3450 3451 3452 3453 3454 3455 3456 3457 3458 3459 3460 3461 3462 3463 3464 3482 3483 3484 3485 3486 3487 3527 3528 3529 3540 3541 3542 3543 3544 3548
2966,3116 3117 3118 3119 3120 3121 3122 3123 3124 3125 3126 3127 3128 3129 3130 3131 3132 3133 3134 3187 3188 3234 3258 3259 3260 3261 3262 3263 3264 3265 3266 3267 3268 3269 3270 3271 3272 3273 3274 3275 3276 3277 3278 3279 3280 3281 3282 3283 3284 3285 3286 3287 3288 3289 3290 3291 3292 3293 3294 3295 3296 3297 3298 3299 3332 3333 3334 3335 3336 3337 3338 3339 3340 3341 3342 3347 3362 3363 3364 3378 3379 3380 3381 3382 3383 3384 3417 3418 3443 3444 3445 3446 3447 3448 3449 3450 3451 3452 3453 3454 3455 3456 3457 3458 3459 3460 3461 3462 3463 3464 3482 3483 3484 3485 3486 3487 3527 3528 3529 3540 3541 3542 3543 3544 3548
2967,3116 3117 3118 3119 3120 3121 3122 3123 3124 3125 3126 3127 3128 3129 3130 3131 3132 3133 3134 3187 3188 3234 3258 3259 3260 3261 3262 3263 3264 3265 3266 3267 3268 3269 3270 3271 3272 3273 3274 3275 3276 3277 3278 3279 3280 3281 3282 3283 3284 3285 3286 3287 3288 3289 3290 3291 3292 3293 3294 3295 3296 3297 3298 3299 3332 3333 3334 3335 3336 3337 3338 3339 3340 3341 3342 3347 3362 3363 3364 3378 3379 3380 3381 3382 3383 3384 3417 3418 3443 3444 3445 3446 3447 3448 3449 3450 3451 3452 3453 3454 3455 3456 3457 3458 3459 3460 3461 3462 3463 3464 3482 3483 3484 3485 3486 3487 3527 3528 3529 3540 3541 3542 3543 3544 3548
2968,3116 3117 3118 3119 3120 3121 3122 3123 3124 3125 3126 3127 3128 3129 3130 3131 3132 3133 3134 3187 3188 3234 3258 3259 3260 3261 3262 3263 3264 3265 3266 3267 3268 3269 3270 3271 3272 3273 3274 3275 3276 3277 3278 3279 3280 3281 3282 3283 3284 3285 3286 3287 3288 3289 3290 3291 3292 3293 3294 3295 3296 3297 3298 3299 3332 3333 3334 3335 3336 3337 3338 3339 3340 3341 3342 3347 3362 3363 3364 3378 3379 3380 3381 3382 3383 3384 3417 3418 3443 3444 3445 3446 3447 3448 3449 3450 3451 3452 3453 3454 3455 3456 3457 3458 3459 3460 3461 3462 3463 3464 3482 3483 3484 3485 3486 3487 3527 3528 3529 3540 3541 3542 3543 3544 3548
2969,3116 3117 3118 3119 3120 3121 3122 3123 3124 3125 3126 3127 3128 3129 3130 3131 3132 3133 3134 3187 3188 3234 3258 3259 3260 3261 3262 3263 3264 3265 3266 3267 3268 3269 3270 3271 3272 3273 3274 3275 3276 3277 3278 3279 3280 3281 3282 3283 3284 3285 3286 3287 3288 3289 3290 3291 3292 3293 3294 3295 3296 3297 3298 3299 3332 3333 3334 3335 3336 3337 3338 3339 3340 3341 3342 3347 3362 3363 3364 3378 3379 3380 3381 3382 3383 3384 3417 3418 3443 3444 3445 3446 3447 3448 3449 3450 3451 3452 3453 3454 3455 3456 3457 3458 3459 3460 3461 3462 3463 3464 3482 3483 3484 3485 3486 3487 3527 3528 3529 3540 3541 3542 3543 3544 3548
2970,3116 3117 3118 3119 3120 3121 3122 3123 3124 3125 3126 3127 3128 3129 3130 3131 3132 3133 3134 3187 3188 3234 3258 3259 3260 3261 3262 3263 3264 3265 3266 3267 3268 3269 3270 3271 3272 3273 3274 3275 3276 3277 3278 3279 3280 3281 3282 3283 3284 3285 3286 3287 3288 3289 3290 3291 3292 3293 3294 3295 3296 3297 3298 3299 3332 3333 3334 3335 3336 3337 3338 3339 3340 3341 3342 3347 3362 3363 3364 3378 3379 3380 3381 3382 3383 3384 3417 3418 3443 3444 3445 3446 3447 3448 3449 3450 3451 3452 3453 3454 3455 3456 3457 3458 3459 3460 3461 3462 3463 3464 3482 3483 3484 3485 3486 3487 3527 3528 3529 3540 3541 3542 3543 3544 3548
2971,3116 3117 3118 3119 3120 3121 3122 3123 3124 3125 3126 3127 3128 3129 3130 3131 3132 3133 3134 3187 3188 3234 3258 3259 3260 3261 3262 3263 3264 3265 3266 3267 3268 3269 3270 3271 3272 3273 3274 3275 3276 3277 3278 3279 3280 3281 3282 3283 3284 3285 3286 3287 3288 3289 3290 3291 3292 3293 3294 3295 3296 3297 3298 3299 3332 3333 3334 3335 3336 3337 3338 3339 3340 3341 3342 3347 3362 3363 3364 3378 3379 3380 3381 3382 3383 3384 3417 3418 3443 3444 3445 3446 3447 3448 3449 3450 3451 3452 3453 3454 3455 3456 3457 3458 3459 3460 3461 3462 3463 3464 3482 3483 3484 3485 3486 3487 3527 3528 3529 3540 3541 3542 3543 3544 3548
2972,3116 3117 3118 3119 3120 3121 3122 3123 3124 3125 3126 3127 3128 3129 3130 3131 3132 3133 3134 3187 3188 3234 3258 3259 3260 3261 3262 3263 3264 3265 3266 3267 3268 3269 3270 3271 3272 3273 3274 3275 3276 3277 3278 3279 3280 3281 3282 3283 3284 3285 3286 3287 3288 3289 3290 3291 3292 3293 3294 3295 3296 3297 3298 3299 3332 3333 3334 3335 3336 3337 3338 3339 3340 3341 3342 3347 3362 3363 3364 3378 3379 3380 3381 3382 3383 3384 3417 3418 3443 3444 3445 3446 3447 3448 3449 3450 3451 3452 3453 3454 3455 3456 3457 3458 3459 3460 3461 3462 3463 3464 3482 3483 3484 3485 3486 3487 3527 3528 3529 3540 3541 3542 3543 3544 3548
2973,3116 3117 3118 3119 3120 3121 3122 3123 3124 3125 3126 3127 3128 3129 3130 3131 3132 3133 3134 3187 3188 3234 3258 3259 3260 3261 3262 3263 3264 3265 3266 3267 3268 3269 3270 3271 3272 3273 3274 3275 3276 3277 3278 3279 3280 3281 3282 3283 3284 3285 3286 3287 3288 3289 3290 3291 3292 3293 3294 3295 3296 3297 3298 3299 3332 3333 3334 3335 3336 3337 3338 3339 3340 3341 3342 3347 3362 3363 3364 3378 3379 3380 3381 3382 3383 3384 3417 3418 3443 3444 3445 3446 3447 3448 3449 3450 3451 3452 3453 3454 3455 3456 3457 3458 3459 3460 3461 3462 3463 3464 3482 3483 3484 3485 3486 3487 3527 3528 3529 3540 3541 3542 3543 3544 3548
2974,3116 3117 3118 3119 3120 3121 3122 3123 3124 3125 3126 3127 3128 3129 3130 3131 3132 3133 3134 3187 3188 3234 3258 3259 3260 3261 3262 3263 3264 3265 3266 3267 3268 3269 3270 3271 3272 3273 3274 3275 3276 3277 3278 3279 3280 3281 3282 3283 3284 3285 3286 3287 3288 3289 3290 3291 3292 3293 3294 3295 3296 3297 3298 3299 3332 3333 3334 3335 3336 3337 3338 3339 3340 3341 3342 3347 3362 3363 3364 3378 3379 3380 3381 3382 3383 3384 3417 3418 3443 3444 3445 3446 3447 3448 3449 3450 3451 3452 3453 3454 3455 3456 3457 3458 3459 3460 3461 3462 3463 3464 3482 3483 3484 3485 3486 3487 3527 3528 3529 3540 3541 3542 3543 3544 3548
2975,3116 3117 3118 3119 3120 3121 3122 3123 3124 3125 3126 3127 3128 3129 3130 3131 3132 3133 3134 3187 3188 3234 3258 3259 3260 3261 3262 3263 3264 3265 3266 3267 3268 3269 3270 3271 3272 3273 3274 3275 3276 3277 3278 3279 3280 3281 3282 3283 3284 3285 3286 3287 3288 3289 3290 3291 3292 3293 3294 3295 3296 3297 3298 3299 3332 3333 3334 3335 3336 3337 3338 3339 3340 3341 3342 3347 3362 3363 3364 3378 3379 3380 3381 3382 3383 3384 3417 3418 3443 3444 3445 3446 3447 3448 3449 3450 3451 3452 3453 3454 3455 3456 3457 3458 3459 3460 3461 3462 3463 3464 3482 3483 3484 3485 3486 3487 3527 3528 3529 3540 3541 3542 3543 3544 3548
2976,3116 3117 3118 3119 3120 3121 3122 3123 3124 3125 3126 3127 3128 3129 3130 3131 3132 3133 3134 3187 3188 3234 3258 3259 3260 3261 3262 3263 3264 3265 3266 3267 3268 3269 3270 3271 3272 3273 3274 3275 3276 3277 3278 3279 3280 3281 3282 3283 3284 3285 3286 3287 3288 3289 3290 3291 3292 3293 3294 3295 3296 3297 3298 3299 3332 3333 3334 3335 3336 3337 3338 3339 3340 3341 3342 3347 3362 3363 3364 3378 3379 3380 3381 3382 3383 3384 3417 3418 3443 3444 3445 3446 3447 3448 3449 3450 3451 3452 3453 3454 3455 3456 3457 3458 3459 3460 3461 3462 3463 3464 3482 3483 3484 3485 3486 3487 3527 3528 3529 3540 3541 3542 3543 3544 3548
2977,3116 3117 3118 3119 3120 3121 3122 3123 3124 3125 3126 3127 3128 3129 3130 3131 3132 3133 3134 3187 3188 3234 3258 3259 3260 3261 3262 3263 3264 3265 3266 3267 3268 3269 3270 3271 3272 3273 3274 3275 3276 3277 3278 3279 3280 3281 3282 3283 3284 3285 3286 3287 3288 3289 3290 3291 3292 3293 3294 3295 3296 3297 3298 3299 3332 3333 3334 3335 3336 3337 3338 3339 3340 3341 3342 3347 3362 3363 3364 3378 3379 3380 3381 3382 3383 3384 3417 3418 3443 3444 3445 3446 3447 3448 3449 3450 3451 3452 3453 3454 3455 3456 3457 3458 3459 3460 3461 3462 3463 3464 3482 3483 3484 3485 3486 3487 3527 3528 3529 3540 3541 3542 3543 3544 3548
2978,3116 3117 3118 3119 3120 3121 3122 3123 3124 3125 3126 3127 3128 3129 3130 3131 3132 3133 3134 3187 3188 3234 3258 3259 3260 3261 3262 3263 3264 3265 3266 3267 3268 3269 3270 3271 3272 3273 3274 3275 3276 3277 3278 3279 3280 3281 3282 3283 3284 3285 3286 3287 3288 3289 3290 3291 3292 3293 3294 3295 3296 3297 3298 3299 3332 3333 3334 3335 3336 3337 3338 3339 3340 3341 3342 3347 3362 3363 3364 3378 3379 3380 3381 3382 3383 3384 3417 3418 3443 3444 3445 3446 3447 3448 3449 3450 3451 3452 3453 3454 3455 3456 3457 3458 3459 3460 3461 3462 3463 3464 3482 3483 3484 3485 3486 3487 3527 3528 3529 3540 3541 3542 3543 3544 3548
2979,3116 3117 3118 3119 3120 3121 3122 3123 3124 3125 3126 3127 3128 3129 3130 3131 3132 3133 3134 3187 3188 3234 3258 3259 3260 3261 3262 3263 3264 3265 3266 3267 3268 3269 3270 3271 3272 3273 3274 3275 3276 3277 3278 3279 3280 3281 3282 3283 3284 3285 3286 3287 3288 3289 3290 3291 3292 3293 3294 3295 3296 3297 3298 3299 3332 3333 3334 3335 3336 3337 3338 3339 3340 3341 3342 3347 3362 3363 3364 3378 3379 3380 3381 3382 3383 3384 3417 3418 3443 3444 3445 3446 3447 3448 3449 3450 3451 3452 3453 3454 3455 3456 3457 3458 3459 3460 3461 3462 3463 3464 3482 3483 3484 3485 3486 3487 3527 3528 3529 3540 3541 3542 3543 3544 3548
2980,3116 3117 3118 3119 3120 3121 3122 3123 3124 3125 3126 3127 3128 3129 3130 3131 3132 3133 3134 3187 3188 3234 3258 3259 3260 3261 3262 3263 3264 3265 3266 3267 3268 3269 3270 3271 3272 3273 3274 3275 3276 3277 3278 3279 3280 3281 3282 3283 3284 3285 3286 3287 3288 3289 3290 3291 3292 3293 3294 3295 3296 3297 3298 3299 3332 3333 3334 3335 3336 3337 3338 3339 3340 3341 3342 3347 3362 3363 3364 3378 3379 3380 3381 3382 3383 3384 3417 3418 3443 3444 3445 3446 3447 3448 3449 3450 3451 3452 3453 3454 3455 3456 3457 3458 3459 3460 3461 3462 3463 3464 3482 3483 3484 3485 3486 3487 3527 3528 3529 3540 3541 3542 3543 3544 3548
2981,3116 3117 3118 3119 3120 3121 3122 3123 3124 3125 3126 3127 3128 3129 3130 3131 3132 3133 3134 3187 3188 3234 3258 3259 3260 3261 3262 3263 3264 3265 3266 3267 3268 3269 3270 3271 3272 3273 3274 3275 3276 3277 3278 3279 3280 3281 3282 3283 3284 3285 3286 3287 3288 3289 3290 3291 3292 3293 3294 3295 3296 3297 3298 3299 3332 3333 3334 3335 3336 3337 3338 3339 3340 3341 3342 3347 3362 3363 3364 3378 3379 3380 3381 3382 3383 3384 3417 3418 3443 3444 3445 3446 3447 3448 3449 3450 3451 3452 3453 3454 3455 3456 3457 3458 3459 3460 3461 3462 3463 3464 3482 3483 3484 3485 3486 3487 3527 3528 3529 3540 3541 3542 3543 3544 3548
2982,3116 3117 3118 3119 3120 3121 3122 3123 3124 3125 3126 3127 3128 3129 3130 3131 3132 3133 3134 3187 3188 3234 3258 3259 3260 3261 3262 3263 3264 3265 3266 3267 3268 3269 3270 3271 3272 3273 3274 3275 3276 3277 3278 3279 3280 3281 3282 3283 3284 3285 3286 3287 3288 3289 3290 3291 3292 3293 3294 3295 3296 3297 3298 3299 3332 3333 3334 3335 3336 3337 3338 3339 3340 3341 3342 3347 3362 3363 3364 3378 3379 3380 3381 3382 3383 3384 3417 3418 3443 3444 3445 3446 3447 3448 3449 3450 3451 3452 3453 3454 3455 3456 3457 3458 3459 3460 3461 3462 3463 3464 3482 3483 3484 3485 3486 3487 3527 3528 3529 3540 3541 3542 3543 3544 3548
2983,3116 3117 3118 3119 3120 3121 3122 3123 3124 3125 3126 3127 3128 3129 3130 3131 3132 3133 3134 3187 3188 3234 3258 3259 3260 3261 3262 3263 3264 3265 3266 3267 3268 3269 3270 3271 3272 3273 3274 3275 3276 3277 3278 3279 3280 3281 3282 3283 3284 3285 3286 3287 3288 3289 3290 3291 3292 3293 3294 3295 3296 3297 3298 3299 3332 3333 3334 3335 3336 3337 3338 3339 3340 3341 3342 3347 3362 3363 3364 3378 3379 3380 3381 3382 3383 3384 3417 3418 3443 3444 3445 3446 3447 3448 3449 3450 3451 3452 3453 3454 3455 3456 3457 3458 3459 3460 3461 3462 3463 3464 3482 3483 3484 3485 3486 3487 3527 3528 3529 3540 3541 3542 3543 3544 3548
2984,3116 3117 3118 3119 3120 3121 3122 3123 3124 3125 3126 3127 3128 3129 3130 3131 3132 3133 3134 3188 3234 3258 3259 3260 3261 3262 3263 3264 3265 3266 3267 3268 3269 3270 3271 3272 3273 3274 3275 3276 3277 3278 3279 3280 3281 3282 3283 3284 3285 3286 3287 3288 3289 3290 3291 3292 3293 3294 3295 3296 3297 3298 3299 3332 3333 3334 3335 3336 3337 3338 3339 3340 3341 3342 3347 3362 3363 3364 3378 3379 3380 3381 3382 3383 3384 3417 3418 3443 3444 3445 3446 3447 3448 3449 3450 3451 3452 3453 3454 3455 3456 3457 3458 3459 3460 3461 3462 3463 3464 3482 3483 3484 3485 3486 3487 3527 3528 3529 3540 3541 3542 3543 3544 3548
2985,3116 3117 3118 3119 3120 3121 3122 3123 3124 3125 3126 3127 3128 3129 3130 3131 3132 3133 3134 3187 3188 3234 3258 3259 3260 3261 3262 3263 3264 3265 3266 3267 3268 3269 3270 3271 3272 3273 3274 3275 3276 3277 3278 3279 3280 3281 3282 3283 3284 3285 3286 3287 3288 3289 3290 3291 3292 3293 3294 3295 3296 3297 3298 3299 3332 3333 3334 3335 3336 3337 3338 3339 3340 3341 3342 3347 3362 3363 3364 3378 3379 3380 3381 3382 3383 3384 3417 3418 3443 3444 3445 3446 3447 3448 3449 3450 3451 3452 3453 3454 3455 3456 3457 3458 3459 3460 3461 3462 3463 3464 3482 3483 3484 3485 3486 3487 3527 3528 3529 3540 3541 3542 3543 3544 3548
2986,3116 3117 3118 3119 3120 3121 3122 3123 3124 3125 3126 3127 3128 3129 3130 3131 3132 3133 3134 3187 3188 3234 3258 3259 3260 3261 3262 3263 3264 3265 3266 3267 3268 3269 3270 3271 3272 3273 3274 3275 3276 3277 3278 3279 3280 3281 3282 3283 3284 3285 3286 3287 3288 3289 3290 3291 3292 3293 3294 3295 3296 3297 3298 3299 3332 3333 3334 3335 3336 3337 3338 3339 3340 3341 3342 3347 3362 3363 3364 3378 3379 3380 3381 3382 3383 3384 3417 3418 3443 3444 3445 3446 3447 3448 3449 3450 3451 3452 3453 3454 3455 3456 3457 3458 3459 3460 3461 3462 3463 3464 3482 3483 3484 3485 3486 3487 3527 3528 3529 3540 3541 3542 3543 3544 3548
2987,3116 3117 3118 3119 3120 3121 3122 3123 3124 3125 3126 3127 3128 3129 3130 3131 3132 3133 3134 3187 3188 3234 3258 3259 3260 3261 3262 3263 3264 3265 3266 3267 3268 3269 3270 3271 3272 3273 3274 3275 3276 3277 3278 3279 3280 3281 3282 3283 3284 3285 3286 3287 3288 3289 3290 3291 3292 3293 3294 3295 3296 3297 3298 3299 3332 3333 3334 3335 3336 3337 3338 3339 3340 3341 3342 3347 3362 3363 3364 3378 3379 3380 3381 3382 3383 3384 3417 3418 3443 3444 3445 3446 3447 3448 3449 3450 3451 3452 3453 3454 3455 3456 3457 3458 3459 3460 3461 3462 3463 3464 3482 3483 3484 3485 3486 3487 3527 3528 3529 3540 3541 3542 3543 3544 3548
2988,3116 3117 3118 3119 3120 3121 3122 3123 3124 3125 3126 3127 3128 3129 3130 3131 3132 3133 3134 3187 3188 3234 3258 3259 3260 3261 3262 3263 3264 3265 3266 3267 3268 3269 3270 3271 3272 3273 3274 3275 3276 3277 3278 3279 3280 3281 3282 3283 3284 3285 3286 3287 3288 3289 3290 3291 3292 3293 3294 3295 3296 3297 3298 3299 3332 3333 3334 3335 3336 3337 3338 3339 3340 3341 3342 3347 3362 3363 3364 3378 3379 3380 3381 3382 3383 3384 3417 3418 3443 3444 3445 3446 3447 3448 3449 3450 3451 3452 3453 3454 3455 3456 3457 3458 3459 3460 3461 3462 3463 3464 3482 3483 3484 3485 3486 3487 3527 3528 3529 3540 3541 3542 3543 3544 3548
2989,3116 3117 3118 3119 3120 3121 3122 3123 3124 3125 3126 3127 3128 3129 3130 3131 3132 3133 3134 3187 3188 3234 3258 3259 3260 3261 3262 3263 3264 3265 3266 3267 3268 3269 3270 3271 3272 3273 3274 3275 3276 3277 3278 3279 3280 3281 3282 3283 3284 3285 3286 3287 3288 3289 3290 3291 3292 3293 3294 3295 3296 3297 3298 3299 3332 3333 3334 3335 3336 3337 3338 3339 3340 3341 3342 3347 3362 3363 3364 3378 3379 3380 3381 3382 3383 3384 3417 3418 3443 3444 3445 3446 3447 3448 3449 3450 3451 3452 3453 3454 3455 3456 3457 3458 3459 3460 3461 3462 3463 3464 3482 3483 3484 3485 3486 3487 3527 3528 3529 3540 3541 3542 3543 3544 3548
2990,3116 3117 3118 3119 3120 3121 3122 3123 3124 3125 3126 3127 3128 3129 3130 3131 3132 3133 3134 3187 3188 3234 3258 3259 3260 3261 3262 3263 3264 3265 3266 3267 3268 3269 3270 3271 3272 3273 3274 3275 3276 3277 3278 3279 3280 3281 3282 3283 3284 3285 3286 3287 3288 3289 3290 3291 3292 3293 3294 3295 3296 3297 3298 3299 3332 3333 3334 3335 3336 3337 3338 3339 3340 3341 3342 3347 3362 3363 3364 3378 3379 3380 3381 3382 3383 3384 3417 3418 3443 3444 3445 3446 3447 3448 3449 3450 3451 3452 3453 3454 3455 3456 3457 3458 3459 3460 3461 3462 3463 3464 3482 3483 3484 3485 3486 3487 3527 3528 3529 3540 3541 3542 3543 3544 3548
2991,3116 3117 3118 3119 3120 3121 3122 3123 3124 3125 3126 3127 3128 3129 3130 3131 3132 3133 3134 3187 3188 3189 3190 3234 3258 3259 3260 3261 3262 3263 3264 3265 3266 3267 3268 3269 3270 3271 3272 3273 3274 3275 3276 3277 3278 3279 3280 3281 3282 3283 3284 3285 3286 3287 3288 3289 3290 3291 3292 3293 3294 3295 3296 3297 3298 3299 3332 3333 3334 3335 3336 3337 3338 3339 3340 3341 3342 3347 3362 3363 3364 3378 3379 3380 3381 3382 3383 3384 3417 3418 3443 3444 3445 3446 3447 3448 3449 3450 3451 3452 3453 3454 3455 3456 3457 3458 3459 3460 3461 3462 3463 3464 3482 3483 3484 3485 3486 3487 3488 3527 3528 3529 3540 3541 3542 3543 3544 3548
2992,3081 3143 3150 3151 3152 3154 3158 3160 3161 3302 3303 3304 3386 3465 3466 3467 3468 3545
2993,3081 3143 3150 3151 3152 3154 3158 3160 3161 3302 3303 3304 3386 3465 3466 3467 3468 3545
2994,3081 3143 3150 3151 3152 3154 3158 3160 3161 3302 3303 3304 3386 3465 3466 3467 3468 3545
2995,3081 3143 3150 3151 3152 3154 3156 3158 3160 3161 3302 3303 3304 3386 3465 3466 3467 3468 3545
2996,3148 3149 3153 3178
2997,3144 3145 3155 3164 3190 3469 3488
2998,3150 3151 3152 3154 3156 3160 3161 3386 3468
2999,3081 3143 3150 3151 3152 3154 3156 3160 3161 3302 3303 3304 3386 3465 3466 3468 3545
3000,3081 3143 3150 3151 3152 3154 3156 3158 3160 3161 3162 3163 3302 3303 3304 3386 3465 3466 3467 3468 3545
3001,3143 3146 3147 3160 3161 3162 3163 3164 3467
3002,3143 3146 3147 3160 3161 3162 3163 3164 3467
3003,3144 3145 3146 3147 3162 3163 3164 3467
3004,3144 3145 3146 3147 3162 3163 3164 3467
3005,3148 3149 3153 3178
3006,3148 3149 3153 3178
3007,3081 3143 3150 3151 3152 3154 3156 3158 3160 3161 3162 3163 3302 3303 3304 3386 3465 3466 3467 3468 3545
3008,3144 3145 3165
3009,3150 3151 3152 3154 3156 3160 3161 3386 3468
3010,3155 3159 3164 3189 3190 3469 3488
3011,3154 3156 3305
3012,3148 3149 3153
3013,3081 3143 3150 3151 3152 3158 3160 3161 3162 3163 3302 3303 3304 3386 3465 3466 3467 3468 3545
3014,3150 3151 3152 3154 3156 3160 3161 3386 3468
3015,3155 3159 3164 3188 3189 3190 3469 3482 3483 3484 3485 3486 3487 3488 3529
3016,3144 3145 3146 3147 3162 3163 3164
3017,3143 3146 3147 3160 3161 3162 3163 3164 3467
3018,3143 3146 3147 3160 3161 3162 3163 3164 3467
3019,3166 3305
3020,3081 3143 3150 3151 3152 3154 3158 3160 3161 3162 3163 3302 3303 3304 3386 3465 3466 3467 3468 3545
3021,3144 3145 3146 3147 3162 3163 3164
3022,3167 3168 3306 3470 3548
3023,3170 3171 3172 3173 3174 3176 3307 3308 3309 3310 3311 3312 3313 3314 3315 3316 3317 3318 3319 3320 3321 3322 3323 3324 3325 3326 3327 3328 3329 3330 3331 3387 3472 3473 3474 3475 3476 3477 3479 3480
3024,3170 3171 3172 3173 3174 3176 3307 3308 3309 3310 3311 3312 3313 3314 3315 3316 3317 3318 3319 3320 3321 3322 3323 3324 3325 3326 3327 3328 3329 3330 3331 3387 3472 3473 3474 3475 3476 3477 3479 3480
3025,3170 3171 3172 3173 3174 3176 3307 3308 3309 3310 3311 3312 3313 3314 3315 3316 3317 3318 3319 3320 3321 3322 3323 3324 3325 3326 3327 3328 3329 3330 3331 3387 3472 3473 3474 3475 3476 3477 3479 3480
3026,3170 3171 3172 3173 3174 3176 3307 3308 3309 3310 3311 3312 3313 3314 3315 3316 3317 3318 3319 3320 3321 3322 3323 3324 3325 3326 3327 3328 3329 3330 3331 3387 3472 3473 3474 3475 3476 3477 3479 3480
3027,3170 3171 3172 3173 3174 3176 3307 3308 3309 3310 3311 3312 3313 3314 3315 3316 3317 3318 3319 3320 3321 3322 3323 3324 3325 3326 3327 3328 3329 3330 3331 3387 3472 3473 3474 3475 3476 3477 3479 3480
3028,3116 3117 3118 3119 3120 3121 3122 3123 3124 3125 3126 3127 3128 3129 3130 3131 3132 3133 3134 3188 3189 3234 3258 3259 3260 3261 3262 3263 3264 3265 3266 3267 3268 3269 3270 3271 3272 3273 3274 3275 3276 3277 3278 3279 3280 3281 3282 3283 3284 3285 3286 3287 3288 3289 3290 3291 3292 3293 3294 3295 3296 3297 3298 3299 3332 3333 3334 3335 3336 3337 3338 3339 3340 3341 3342 3347 3362 3363 3364 3378 3379 3380 3381 3382 3383 3384 3417 3418 3443 3444 3445 3446 3447 3448 3449 3450 3451 3452 3453 3454 3455 3456 3457 3458 3459 3460 3461 3462 3463 3464 3482 3483 3484 3485 3486 3487 3527 3528 3529 3540 3541 3542 3543 3544 3548
3029,3116 3117 3118 3119 3120 3121 3122 3123 3124 3125 3126 3127 3128 3129 3130 3131 3132 3133 3134 3188 3234 3258 3259 3260 3261 3262 3263 3264 3265 3266 3267 3268 3269 3270 3271 3272 3273 3274 3275 3276 3277 3278 3279 3280 3281 3282 3283 3284 3285 3286 3287 3288 3289 3290 3291 3292 3293 3294 3295 3296 3297 3298 3299 3332 3333 3334 3335 3336 3337 3338 3339 3340 3341 3342 3347 3362 3363 3364 3378 3379 3380 3381 3382 3383 3384 3417 3418 3443 3444 3445 3446 3447 3448 3449 3450 3451 3452 3453 3454 3455 3456 3457 3458 3459 3460 3461 3462 3463 3464 3482 3483 3484 3485 3486 3487 3527 3528 3529 3540 3541 3542 3543 3544 3548
3030,3116 3117 3118 3119 3120 3121 3122 3123 3124 3125 3126 3127 3128 3129 3130 3131 3132 3133 3134 3188 3234 3258 3259 3260 3261 3262 3263 3264 3265 3266 3267 3268 3269 3270 3271 3272 3273 3274 3275 3276 3277 3278 3279 3280 3281 3282 3283 3284 3285 3286 3287 3288 3289 3290 3291 3292 3293 3294 3295 3296 3297 3298 3299 3332 3333 3334 3335 3336 3337 3338 3339 3340 3341 3342 3347 3362 3363 3364 3378 3379 3380 3381 3382 3383 3384 3417 3418 3443 3444 3445 3446 3447 3448 3449 3450 3451 3452 3453 3454 3455 3456 3457 3458 3459 3460 3461 3462 3463 3464 3482 3483 3484 3485 3486 3487 3527 3528 3529 3540 3541 3542 3543 3544 3548
3031,3179 3181 3183 3184 3185 3343 3344 3345 3388
3032,3148 3149 3153 3177 3178
3033,
3034,3192 3193 3194 3195 3196 3346 3414
3035,3192 3193 3194 3195 3196 3346 3414
3036,3192 3193 3194 3195 3196 3346 3414
3037,3192 3193 3194 3195 3196 3346 3414
3038,3197 3199 3212
3039,3202 3203 3204 3205 3207 3210 3211 3214 3348 3349 3350 3351 3352 3353 3354 3490 3491 3492 3495 3496 3497 3498 3499 3500 3501 3502 3503
3040,3202 3203 3204 3205 3207 3210 3211 3214 3348 3349 3350 3351 3352 3353 3354 3490 3491 3492 3495 3496 3497 3498 3499 3500 3501 3502 3503
3041,3202 3203 3204 3205 3207 3210 3211 3214 3348 3349 3350 3351 3352 3353 3354 3490 3491 3492 3495 3496 3497 3498 3499 3500 3501 3502 3503
3042,3202 3203 3204 3205 3207 3210 3211 3214 3348 3349 3350 3351 3352 3353 3354 3490 3491 3492 3495 3496 3497 3498 3499 3500 3501 3502 3503
3043,3197 3199 3212
3044,3202 3203 3204 3205 3207 3210 3211 3214 3348 3349 3350 3351 3352 3353 3354 3490 3491 3492 3495 3496 3497 3498 3499 3500 3501 3502 3503
3045,
3046,3206 3208 3209
3047,3200 3201 3493 3494
3048,3197 3199 3212
3049,3219 3220 3359 3360 3361
3050,3219 3220 3360 3361 3391 3505
3051,3219 3220 3360 3361 3391 3505
3052,3221 3547
3053,3221 3547
3054,
3055,3507 3508
3056,3116 3117 3118 3119 3120 3121 3122 3123 3124 3125 3126 3127 3128 3129 3130 3131 3132 3133 3134 3188 3234 3258 3259 3260 3261 3262 3263 3264 3265 3266 3267 3268 3269 3270 3271 3272 3273 3274 3275 3276 3277 3278 3279 3280 3281 3282 3283 3284 3285 3286 3287 3288 3289 3290 3291 3292 3293 3294 3295 3296 3297 3298 3299 3332 3333 3334 3335 3336 3337 3338 3339 3340 3341 3342 3347 3362 3363 3364 3378 3379 3380 3381 3382 3383 3384 3417 3418 3443 3444 3445 3446 3447 3448 3449 3450 3451 3452 3453 3454 3455 3456 3457 3458 3459 3460 3461 3462 3463 3464 3482 3483 3484 3485 3486 3487 3527 3528 3529 3540 3541 3542 3543 3544 3548
3057,3116 3117 3118 3119 3120 3121 3122 3123 3124 3125 3126 3127 3128 3129 3130 3131 3132 3133 3134 3167 3234 3258 3259 3260 3261 3262 3263 3264 3265 3266 3267 3268 3269 3270 3271 3272 3273 3274 3275 3276 3277 3278 3279 3280 3281 3282 3283 3284 3285 3286 3287 3288 3289 3290 3291 3292 3293 3294 3295 3296 3297 3298 3299 3306 3332 3333 3334 3335 3336 3337 3338 3339 3340 3341 3342 3347 3362 3363 3364 3378 3379 3380 3381 3382 3383 3384 3417 3418 3443 3444 3445 3446 3447 3448 3449 3450 3451 3452 3453 3454 3455 3456 3457 3458 3459 3460 3461 3462 3463 3464 3527 3528 3540 3541 3542 3543 3544 3548
3058,3116 3117 3118 3119 3120 3121 3122 3123 3124 3125 3126 3127 3128 3129 3130 3131 3132 3133 3134 3167 3234 3258 3259 3260 3261 3262 3263 3264 3265 3266 3267 3268 3269 3270 3271 3272 3273 3274 3275 3276 3277 3278 3279 3280 3281 3282 3283 3284 3285 3286 3287 3288 3289 3290 3291 3292 3293 3294 3295 3296 3297 3298 3299 3306 3332 3333 3334 3335 3336 3337 3338 3339 3340 3341 3342 3347 3362 3363 3364 3378 3379 3380 3381 3382 3383 3384 3417 3418 3443 3444 3445 3446 3447 3448 3449 3450 3451 3452 3453 3454 3455 3456 3457 3458 3459 3460 3461 3462 3463 3464 3527 3528 3540 3541 3542 3543 3544 3548
3059,3116 3117 3118 3119 3120 3121 3122 3123 3124 3125 3126 3127 3128 3129 3130 3131 3132 3133 3134 3167 3234 3258 3259 3260 3261 3262 3263 3264 3265 3266 3267 3268 3269 3270 3271 3272 3273 3274 3275 3276 3277 3278 3279 3280 3281 3282 3283 3284 3285 3286 3287 3288 3289 3290 3291 3292 3293 3294 3295 3296 3297 3298 3299 3306 3332 3333 3334 3335 3336 3337 3338 3339 3340 3341 3342 3347 3362 3363 3364 3378 3379 3380 3381 3382 3383 3384 3417 3418 3443 3444 3445 3446 3447 3448 3449 3450 3451 3452 3453 3454 3455 3456 3457 3458 3459 3460 3461 3462 3463 3464 3527 3528 3540 3541 3542 3543 3544 3548
3060,3116 3117 3118 3119 3120 3121 3122 3123 3124 3125 3126 3127 3128 3129 3130 3131 3132 3133 3134 3188 3234 3258 3259 3260 3261 3262 3263 3264 3265 3266 3267 3268 3269 3270 3271 3272 3273 3274 3275 3276 3277 3278 3279 3280 3281 3282 3283 3284 3285 3286 3287 3288 3289 3290 3291 3292 3293 3294 3295 3296 3297 3298 3299 3332 3333 3334 3335 3336 3337 3338 3339 3340 3341 3342 3347 3362 3363 3364 3378 3379 3380 3381 3382 3383 3384 3417 3418 3443 3444 3445 3446 3447 3448 3449 3450 3451 3452 3453 3454 3455 3456 3457 3458 3459 3460 3461 3462 3463 3464 3482 3483 3484 3485 3486 3487 3527 3528 3529 3540 3541 3542 3543 3544 3548
3061,3116 3117 3118 3119 3120 3121 3122 3123 3124 3125 3126 3127 3128 3129 3130 3131 3132 3133 3134 3187 3188 3234 3258 3259 3260 3261 3262 3263 3264 3265 3266 3267 3268 3269 3270 3271 3272 3273 3274 3275 3276 3277 3278 3279 3280 3281 3282 3283 3284 3285 3286 3287 3288 3289 3290 3291 3292 3293 3294 3295 3296 3297 3298 3299 3332 3333 3334 3335 3336 3337 3338 3339 3340 3341 3342 3347 3362 3363 3364 3378 3379 3380 3381 3382 3383 3384 3417 3418 3443 3444 3445 3446 3447 3448 3449 3450 3451 3452 3453 3454 3455 3456 3457 3458 3459 3460 3461 3462 3463 3464 3482 3483 3484 3485 3486 3487 3527 3528 3529 3540 3541 3542 3543 3544 3548
3062,3097 3104 3238 3239 3437 3515 3533 3534 3549
3063,3237 3239 3515 3549
3064,3237 3238 3239 3515 3549
3065,3237 3238 3239 3515 3549
3066,3237 3238 3239 3515 3549
3067,3237 3238 3239 3515 3549
3068,3237 3238 3239 3515 3549
3069,3365 3518
3070,3241 3369 3413
3071,3241 3369 3413
3072,3241 3369 3413
3073,3241 3369 3413
3074,3241 3369 3413
3075,3241 3369 3413
3076,3365 3518
3077,3242 3245 3519 3522
3078,3249 3250
3079,3243 3246 3247 3252 3253 3520 3523
3080,3243 3246 3247 3252 3253 3520 3523
3081,3302 3303 3304 3386 3465 3466 3467 3468 3545
3082,
3083,3423 3424 3425
3084,3423 3424 3425
3085,3423 3424 3425
3086,3423 3424 3425
3087,3423 3424 3425
3088,3423 3424 3425
3089,3423 3424 3425
3090,
3091,
3092,3429 3430
3093,3373 3429 3430
3094,3256 3257 3374 3416 3428 3431 3432 3435 3436 3437 3438 3526 3532 3534 3537 3538
3095,3373 3535 3536
3096,3256 3257 3374 3416 3428 3431 3432 3435 3436 3438 3526 3532 3534 3537 3538
3097,3374 3416 3426 3427 3428 3431 3432 3435 3436 3437 3526 3533 3534
3098,3427 3429 3430 3432
3099,3429 3430
3100,
3101,3256 3257 3374 3416 3427 3428 3431 3432 3435 3436 3438 3526 3532 3534 3537 3538
3102,3256 3257 3374 3416 3428 3431 3432 3435 3436 3438 3526 3532 3534 3537 3538
3103,3374 3416 3428 3431 3432 3435 3436 3526 3532
3104,3374 3416 3426 3427 3428 3432 3435 3436 3437 3526 3533 3534
3105,3439
3106,3375 3376 3539
3107,3375 3376 3539
3108,3375 3376 3539
3109,3439
3110,3439
3111,3439
3112,3439
3113,
3114,
3115,3442
3116,3258 3259 3260 3261 3262 3263 3264 3265 3266 3267 3268 3269 3270 3271 3272 3273 3274 3275 3276 3277 3278 3279 3280 3281 3282 3283 3284 3285 3286 3287 3288 3289 3290 3291 3292 3293 3294 3295 3296 3297 3298 3299 3332 3333 3334 3335 3336 3337 3338 3339 3340 3341 3342 3347 3362 3363 3364 3378 3379 3380 3381 3382 3383 3384 3417 3418 3443 3444 3445 3446 3447 3448 3449 3450 3451 3452 3453 3454 3455 3456 3457 3458 3459 3460 3461 3462 3463 3464 3482 3483 3484 3485 3486 3487 3488 3527 3528 3529 3540 3541 3542 3543 3544 3548
3117,3258 3259 3260 3261 3262 3263 3264 3265 3266 3267 3268 3269 3270 3271 3272 3273 3274 3275 3276 3277 3278 3279 3280 3281 3282 3283 3284 3285 3286 3287 3288 3289 3290 3291 3292 3293 3294 3295 3296 3297 3298 3299 3332 3333 3334 3335 3336 3337 3338 3339 3340 3341 3342 3347 3362 3363 3364 3378 3379 3380 3381 3382 3383 3384 3417 3418 3443 3444 3445 3446 3447 3448 3449 3450 3451 3452 3453 3454 3455 3456 3457 3458 3459 3460 3461 3462 3463 3464 3482 3483 3484 3485 3486 3487 3527 3528 3529 3540 3541 3542 3543 3544 3548
3118,3258 3259 3260 3261 3262 3263 3264 3265 3266 3267 3268 3269 3270 3271 3272 3273 3274 3275 3276 3277 3278 3279 3280 3281 3282 3283 3284 3285 3286 3287 3288 3289 3290 3291 3292 3293 3294 3295 3296 3297 3298 3299 3332 3333 3334 3335 3336 3337 3338 3339 3340 3341 3342 3347 3362 3363 3364 3378 3379 3380 3381 3382 3383 3384 3417 3418 3443 3444 3445 3446 3447 3448 3449 3450 3451 3452 3453 3454 3455 3456 3457 3458 3459 3460 3461 3462 3463 3464 3482 3483 3484 3485 3486 3487 3527 3528 3529 3540 3541 3542 3543 3544 3548
3119,3258 3259 3260 3261 3262 3263 3264 3265 3266 3267 3268 3269 3270 3271 3272 3273 3274 3275 3276 3277 3278 3279 3280 3281 3282 3283 3284 3285 3286 3287 3288 3289 3290 3291 3292 3293 3294 3295 3296 3297 3298 3299 3332 3333 3334 3335 3336 3337 3338 3339 3340 3341 3342 3347 3362 3363 3364 3378 3379 3380 3381 3382 3383 3384 3417 3418 3443 3444 3445 3446 3447 3448 3449 3450 3451 3452 3453 3454 3455 3456 3457 3458 3459 3460 3461 3462 3463 3464 3482 3483 3484 3485 3486 3487 3527 3528 3529 3540 3541 3542 3543 3544 3548
3120,3258 3259 3260 3261 3262 3263 3264 3265 3266 3267 3268 3269 3270 3271 3272 3273 3274 3275 3276 3277 3278 3279 3280 3281 3282 3283 3284 3285 3286 3287 3288 3289 3290 3291 3292 3293 3294 3295 3296 3297 3298 3299 3332 3333 3334 3335 3336 3337 3338 3339 3340 3341 3342 3347 3362 3363 3364 3378 3379 3380 3381 3382 3383 3384 3417 3418 3443 3444 3445 3446 3447 3448 3449 3450 3451 3452 3453 3454 3455 3456 3457 3458 3459 3460 3461 3462 3463 3464 3482 3483 3484 3485 3486 3487 3527 3528 3529 3540 3541 3542 3543 3544 3548
3121,3258 3259 3260 3261 3262 3263 3264 3265 3266 3267 3268 3269 3270 3271 3272 3273 3274 3275 3276 3277 3278 3279 3280 3281 3282 3283 3284 3285 3286 3287 3288 3289 3290 3291 3292 3293 3294 3295 3296 3297 3298 3299 3332 3333 3334 3335 3336 3337 3338 3339 3340 3341 3342 3347 3362 3363 3364 3378 3379 3380 3381 3382 3383 3384 3417 3418 3443 3444 3445 3446 3447 3448 3449 3450 3451 3452 3453 3454 3455 3456 3457 3458 3459 3460 3461 3462 3463 3464 3482 3483 3484 3485 3486 3487 3527 3528 3529 3540 3541 3542 3543 3544 3548
3122,3258 3259 3260 3261 3262 3263 3264 3265 3266 3267 3268 3269 3270 3271 3272 3273 3274 3275 3276 3277 3278 3279 3280 3281 3282 3283 3284 3285 3286 3287 3288 3289 3290 3291 3292 3293 3294 3295 3296 3297 3298 3299 3332 3333 3334 3335 3336 3337 3338 3339 3340 3341 3342 3347 3362 3363 3364 3378 3379 3380 3381 3382 3383 3384 3417 3418 3443 3444 3445 3446 3447 3448 3449 3450 3451 3452 3453 3454 3455 3456 3457 3458 3459 3460 3461 3462 3463 3464 3482 3483 3484 3485 3486 3487 3527 3528 3529 3540 3541 3542 3543 3544 3548
3123,3258 3259 3260 3261 3262 3263 3264 3265 3266 3267 3268 3269 3270 3271 3272 3273 3274 3275 3276 3277 3278 3279 3280 3281 3282 3283 3284 3285 3286 3287 3288 3289 3290 3291 3292 3293 3294 3295 3296 3297 3298 3299 3332 3333 3334 3335 3336 3337 3338 3339 3340 3341 3342 3347 3362 3363 3364 3378 3379 3380 3381 3382 3383 3384 3417 3418 3443 3444 3445 3446 3447 3448 3449 3450 3451 3452 3453 3454 3455 3456 3457 3458 3459 3460 3461 3462 3463 3464 3482 3483 3484 3485 3486 3487 3527 3528 3529 3540 3541 3542 3543 3544 3548
3124,3258 3259 3260 3261 3262 3263 3264 3265 3266 3267 3268 3269 3270 3271 3272 3273 3274 3275 3276 3277 3278 3279 3280 3281 3282 3283 3284 3285 3286 3287 3288 3289 3290 3291 3292 3293 3294 3295 3296 3297 3298 3299 3332 3333 3334 3335 3336 3337 3338 3339 3340 3341 3342 3347 3362 3363 3364 3378 3379 3380 3381 3382 3383 3384 3417 3418 3443 3444 3445 3446 3447 3448 3449 3450 3451 3452 3453 3454 3455 3456 3457 3458 3459 3460 3461 3462 3463 3464 3482 3483 3484 3485 3486 3487 3527 3528 3529 3540 3541 3542 3543 3544 3548
3125,3258 3259 3260 3261 3262 3263 3264 3265 3266 3267 3268 3269 3270 3271 3272 3273 3274 3275 3276 3277 3278 3279 3280 3281 3282 3283 3284 3285 3286 3287 3288 3289 3290 3291 3292 3293 3294 3295 3296 3297 3298 3299 3332 3333 3334 3335 3336 3337 3338 3339 3340 3341 3342 3347 3362 3363 3364 3378 3379 3380 3381 3382 3383 3384 3417 3418 3443 3444 3445 3446 3447 3448 3449 3450 3451 3452 3453 3454 3455 3456 3457 3458 3459 3460 3461 3462 3463 3464 3482 3483 3484 3485 3486 3487 3527 3528 3529 3540 3541 3542 3543 3544 3548
3126,3258 3259 3260 3261 3262 3263 3264 3265 3266 3267 3268 3269 3270 3271 3272 3273 3274 3275 3276 3277 3278 3279 3280 3281 3282 3283 3284 3285 3286 3287 3288 3289 3290 3291 3292 3293 3294 3295 3296 3297 3298 3299 3332 3333 3334 3335 3336 3337 3338 3339 3340 3341 3342 3347 3362 3363 3364 3378 3379 3380 3381 3382 3383 3384 3417 3418 3443 3444 3445 3446 3447 3448 3449 3450 3451 3452 3453 3454 3455 3456 3457 3458 3459 3460 3461 3462 3463 3464 3482 3483 3484 3485 3486 3487 3527 3528 3529 3540 3541 3542 3543 3544 3548
3127,3258 3259 3260 3261 3262 3263 3264 3265 3266 3267 3268 3269 3270 3271 3272 3273 3274 3275 3276 3277 3278 3279 3280 3281 3282 3283 3284 3285 3286 3287 3288 3289 3290 3291 3292 3293 3294 3295 3296 3297 3298 3299 3332 3333 3334 3335 3336 3337 3338 3339 3340 3341 3342 3347 3362 3363 3364 3378 3379 3380 3381 3382 3383 3384 3417 3418 3443 3444 3445 3446 3447 3448 3449 3450 3451 3452 3453 3454 3455 3456 3457 3458 3459 3460 3461 3462 3463 3464 3482 3483 3484 3485 3486 3487 3527 3528 3529 3540 3541 3542 3543 3544 3548
3128,3258 3259 3260 3261 3262 3263 3264 3265 3266 3267 3268 3269 3270 3271 3272 3273 3274 3275 3276 3277 3278 3279 3280 3281 3282 3283 3284 3285 3286 3287 3288 3289 3290 3291 3292 3293 3294 3295 3296 3297 3298 3299 3332 3333 3334 3335 3336 3337 3338 3339 3340 3341 3342 3347 3362 3363 3364 3378 3379 3380 3381 3382 3383 3384 3417 3418 3443 3444 3445 3446 3447 3448 3449 3450 3451 3452 3453 3454 3455 3456 3457 3458 3459 3460 3461 3462 3463 3464 3482 3483 3484 3485 3486 3487 3527 3528 3529 3540 3541 3542 3543 3544 3548
3129,3258 3259 3260 3261 3262 3263 3264 3265 3266 3267 3268 3269 3270 3271 3272 3273 3274 3275 3276 3277 3278 3279 3280 3281 3282 3283 3284 3285 3286 3287 3288 3289 3290 3291 3292 3293 3294 3295 3296 3297 3298 3299 3332 3333 3334 3335 3336 3337 3338 3339 3340 3341 3342 3347 3362 3363 3364 3378 3379 3380 3381 3382 3383 3384 3417 3418 3443 3444 3445 3446 3447 3448 3449 3450 3451 3452 3453 3454 3455 3456 3457 3458 3459 3460 3461 3462 3463 3464 3482 3483 3484 3485 3486 3487 3527 3528 3529 3540 3541 3542 3543 3544 3548
3130,3258 3259 3260 3261 3262 3263 3264 3265 3266 3267 3268 3269 3270 3271 3272 3273 3274 3275 3276 3277 3278 3279 3280 3281 3282 3283 3284 3285 3286 3287 3288 3289 3290 3291 3292 3293 3294 3295 3296 3297 3298 3299 3332 3333 3334 3335 3336 3337 3338 3339 3340 3341 3342 3347 3362 3363 3364 3378 3379 3380 3381 3382 3383 3384 3417 3418 3443 3444 3445 3446 3447 3448 3449 3450 3451 3452 3453 3454 3455 3456 3457 3458 3459 3460 3461 3462 3463 3464 3482 3483 3484 3485 3486 3487 3527 3528 3529 3540 3541 3542 3543 3544 3548
3131,3258 3259 3260 3261 3262 3263 3264 3265 3266 3267 3268 3269 3270 3271 3272 3273 3274 3275 3276 3277 3278 3279 3280 3281 3282 3283 3284 3285 3286 3287 3288 3289 3290 3291 3292 3293 3294 3295 3296 3297 3298 3299 3332 3333 3334 3335 3336 3337 3338 3339 3340 3341 3342 3347 3362 3363 3364 3378 3379 3380 3381 3382 3383 3384 3417 3418 3443 3444 3445 3446 3447 3448 3449 3450 3451 3452 3453 3454 3455 3456 3457 3458 3459 3460 3461 3462 3463 3464 3482 3483 3484 3485 3486 3487 3527 3528 3529 3540 3541 3542 3543 3544 3548
3132,3258 3259 3260 3261 3262 3263 3264 3265 3266 3267 3268 3269 3270 3271 3272 3273 3274 3275 3276 3277 3278 3279 3280 3281 3282 3283 3284 3285 3286 3287 3288 3289 3290 3291 3292 3293 3294 3295 3296 3297 3298 3299 3332 3333 3334 3335 3336 3337 3338 3339 3340 3341 3342 3347 3362 3363 3364 3378 3379 3380 3381 3382 3383 3384 3417 3418 3443 3444 3445 3446 3447 3448 3449 3450 3451 3452 3453 3454 3455 3456 3457 3458 3459 3460 3461 3462 3463 3464 3482 3483 3484 3485 3486 3487 3527 3528 3529 3540 3541 3542 3543 3544 3548
3133,3258 3259 3260 3261 3262 3263 3264 3265 3266 3267 3268 3269 3270 3271 3272 3273 3274 3275 3276 3277 3278 3279 3280 3281 3282 3283 3284 3285 3286 3287 3288 3289 3290 3291 3292 3293 3294 3295 3296 3297 3298 3299 3332 3333 3334 3335 3336 3337 3338 3339 3340 3341 3342 3347 3362 3363 3364 3378 3379 3380 3381 3382 3383 3384 3417 3418 3443 3444 3445 3446 3447 3448 3449 3450 3451 3452 3453 3454 3455 3456 3457 3458 3459 3460 3461 3462 3463 3464 3482 3483 3484 3485 3486 3487 3527 3528 3529 3540 3541 3542 3543 3544 3548
3134,3258 3259 3260 3261 3262 3263 3264 3265 3266 3267 3268 3269 3270 3271 3272 3273 3274 3275 3276 3277 3278 3279 3280 3281 3282 3283 3284 3285 3286 3287 3288 3289 3290 3291 3292 3293 3294 3295 3296 3297 3298 3299 3332 3333 3334 3335 3336 3337 3338 3339 3340 3341 3342 3347 3362 3363 3364 3378 3379 3380 3381 3382 3383 3384 3417 3418 3443 3444 3445 3446 3447 3448 3449 3450 3451 3452 3453 3454 3455 3456 3457 3458 3459 3460 3461 3462 3463 3464 3482 3483 3484 3485 3486 3487 3527 3528 3529 3540 3541 3542 3543 3544 3548
3135,3301 3358
3136,3300 3301 3385
3137,3301 3385
3138,3301 3385
3139,3301 3385
3140,3301 3385
3141,3300 3301 3385
3142,3301 3385
3143,3302 3303 3304 3386 3465 3466 3467 3468 3545
3144,
3145,
3146,3467
3147,3467
3148,
3149,
3150,3302 3303 3304 3386 3465 3466 3467 3468 3545
3151,3302 3303 3304 3386 3465 3466 3467 3468 3545
3152,3302 3303 3304 3386 3465 3466 3467 3468 3545
3153,
3154,3302 3303 3304 3386 3465 3466 3467 3468 3545
3155,3469 3488
3156,3386 3468
3157,
3158,3302 3303 3304 3386 3465 3466 3467 3468 3545
3159,3469 3482 3483 3484 3485 3486 3487 3488 3529
3160,3302 3303 3304 3386 3465 3466 3467 3468 3545
3161,3302 3303 3304 3386 3465 3466 3467 3468 3545
3162,3467
3163,3467
3164,3469
3165,
3166,3305
3167,3306 3332 3333 3334 3335 3336 3337 3338 3339 3340 3341 3342 3362 3470 3548
3168,3306 3470 3548
3169,
3170,3307 3308 3309 3310 3311 3312 3313 3314 3315 3316 3317 3318 3319 3320 3321 3322 3323 3324 3325 3326 3327 3328 3329 3330 3331 3387 3471 3472 3473 3474 3475 3476 3477 3479 3480
3171,3307 3308 3309 3310 3311 3312 3313 3314 3315 3316 3317 3318 3319 3320 3321 3322 3323 3324 3325 3326 3327 3328 3329 3330 3331 3387 3472 3473 3474 3475 3476 3477 3479 3480
3172,3307 3308 3309 3310 3311 3312 3313 3314 3315 3316 3317 3318 3319 3320 3321 3322 3323 3324 3325 3326 3327 3328 3329 3330 3331 3387 3472 3473 3474 3475 3476 3477 3479 3480
3173,3307 3308 3309 3310 3311 3312 3313 3314 3315 3316 3317 3318 3319 3320 3321 3322 3323 3324 3325 3326 3327 3328 3329 3330 3331 3387 3472 3473 3474 3475 3476 3477 3479 3480
3174,3307 3308 3309 3310 3311 3312 3313 3314 3315 3316 3317 3318 3319 3320 3321 3322 3323 3324 3325 3326 3327 3328 3329 3330 3331 3387 3472 3473 3474 3475 3476 3477 3479 3480
3175,3471 3479
3176,3307 3308 3309 3310 3311 3312 3313 3314 3315 3316 3317 3318 3319 3320 3321 3322 3323 3324 3325 3326 3327 3328 3329 3330 3331 3387 3472 3473 3474 3475 3476 3477 3479 3480
3177,
3178,
3179,3343 3344 3388
3180,3345
3181,3343 3344 3345 3388
3182,3345
3183,3343 3344 3345 3388
3184,3345 3388
3185,3345 3388
3186,3355 3356 3443 3482 3483 3484 3485 3486 3487 3488 3504 3529 3540
3187,3258 3259 3260 3261 3262 3263 3264 3265 3266 3267 3268 3269 3270 3271 3272 3276 3277 3278 3279 3280 3281 3282 3283 3284 3285 3286 3287 3288 3289 3290 3291 3292 3293 3294 3295 3296 3297 3298 3299 3347 3364 3380 3381 3382 3383 3384 3417 3418 3443 3444 3445 3446 3447 3448 3449 3450 3451 3452 3453 3454 3455 3456 3457 3458 3459 3460 3461 3462 3463 3464 3482 3483 3484 3485 3486 3487 3488 3527 3529 3540 3541 3542 3543 3544
3188,3258 3259 3260 3261 3262 3263 3264 3265 3266 3267 3268 3269 3270 3271 3272 3273 3274 3275 3276 3277 3278 3279 3280 3281 3282 3283 3284 3285 3286 3287 3288 3289 3290 3291 3292 3293 3294 3295 3296 3297 3298 3299 3347 3363 3364 3378 3379 3380 3381 3382 3383 3384 3417 3418 3443 3444 3445 3446 3447 3448 3449 3450 3451 3452 3453 3454 3455 3456 3457 3458 3459 3460 3461 3462 3463 3464 3482 3483 3484 3485 3486 3487 3488 3527 3528 3529 3540 3541 3542 3543 3544
3189,3443 3469 3482 3483 3484 3485 3486 3487 3488 3529 3540
3190,3443 3469 3482 3483 3484 3485 3486 3487 3488 3529 3540
3191,
3192,3346 3389 3390 3414
3193,3346 3414 3440 3441
3194,3346 3389 3390 3414
3195,3346 3414
3196,3346 3414
3197,
3198,
3199,
3200,3493 3494
3201,3493 3494
3202,3348 3349 3350 3351 3352 3353 3354 3490 3491 3492 3495 3496 3497 3498 3499 3500 3501 3502 3503
3203,3348 3349 3350 3351 3352 3353 3354 3490 3491 3492 3495 3496 3497 3498 3499 3500 3501 3502 3503
3204,3348 3349 3350 3351 3352 3353 3354 3490 3491 3492 3495 3496 3497 3498 3499 3500 3501 3502 3503
3205,3348 3349 3350 3351 3352 3353 3354 3490 3491 3492 3495 3496 3497 3498 3499 3500 3501 3502 3503
3206,
3207,3348 3349 3350 3351 3352 3353 3354 3490 3491 3492 3495 3496 3497 3498 3499 3500 3501 3502 3503
3208,
3209,
3210,3348 3349 3350 3351 3352 3353 3354 3490 3491 3492 3495 3496 3497 3498 3499 3500 3501 3502 3503
3211,3348 3349 3350 3351 3352 3353 3354 3490 3491 3492 3495 3496 3497 3498 3499 3500 3501 3502 3503
3212,
3213,3489 3546
3214,3348 3349 3350 3351 3352 3353 3354 3490 3491 3492 3495 3496 3497 3498 3499 3500 3501 3502 3503
3215,3357
3216,
3217,3358
3218,
3219,3359 3360 3361 3391 3505
3220,3359 3360 3361 3391 3505
3221,3547
3222,3506 3509
3223,3506 3509
3224,3506 3509
3225,3396 3397 3402 3403
3226,3511
3227,3511
3228,3512 3530
3229,3511
3230,3513
3231,3513
3232,
3233,
3234,3258 3259 3260 3261 3262 3263 3264 3265 3266 3267 3268 3269 3270 3271 3272 3273 3274 3275 3276 3277 3278 3279 3280 3281 3282 3283 3284 3285 3286 3287 3288 3289 3290 3291 3292 3293 3294 3295 3296 3297 3298 3299 3332 3333 3334 3335 3336 3337 3338 3339 3340 3341 3342 3347 3362 3363 3364 3378 3379 3380 3381 3382 3383 3384 3417 3418 3443 3444 3445 3446 3447 3448 3449 3450 3451 3452 3453 3454 3455 3456 3457 3458 3459 3460 3461 3462 3463 3464 3482 3483 3484 3485 3486 3487 3527 3528 3529 3540 3541 3542 3543 3544 3548
3235,3481
3236,3426 3533
3237,3515 3549
3238,3437 3515 3534 3549
3239,3515 3549
3240,3516
3241,3369 3413
3242,3519 3522
3243,3520 3521 3523 3524 3550
3244,3357
3245,
3246,3520 3523
3247,3520 3523
3248,3357
3249,
3250,
3251,3357 3524
3252,3520 3523 3524 3550
3253,3520 3523 3524 3550
3254,
3255,
3256,3374 3416 3428 3431 3432 3435 3436 3438 3526 3532 3534 3537 3538
3257,3374 3416 3428 3431 3432 3435 3436 3438 3526 3532 3534 3537 3538
3258,3378 3379 3380 3381 3382 3383 3384 3417 3418 3443 3444 3445 3446 3447 3448 3449 3450 3451 3452 3453 3454 3455 3456 3457 3458 3459 3460 3461 3462 3463 3464 3482 3483 3484 3485 3486 3487 3527 3528 3529 3540 3541 3542 3543 3544 3548
3259,3378 3379 3380 3381 3382 3383 3384 3417 3418 3443 3444 3445 3446 3447 3448 3449 3450 3451 3452 3453 3454 3455 3456 3457 3458 3459 3460 3461 3462 3463 3464 3482 3483 3484 3485 3486 3487 3527 3528 3529 3540 3541 3542 3543 3544 3548
3260,3378 3379 3380 3381 3382 3383 3384 3417 3418 3443 3444 3445 3446 3447 3448 3449 3450 3451 3452 3453 3454 3455 3456 3457 3458 3459 3460 3461 3462 3463 3464 3482 3483 3484 3485 3486 3487 3527 3528 3529 3540 3541 3542 3543 3544 3548
3261,3378 3379 3380 3381 3382 3383 3384 3417 3418 3443 3444 3445 3446 3447 3448 3449 3450 3451 3452 3453 3454 3455 3456 3457 3458 3459 3460 3461 3462 3463 3464 3482 3483 3484 3485 3486 3487 3527 3528 3529 3540 3541 3542 3543 3544 3548
3262,3378 3379 3380 3381 3382 3383 3384 3417 3418 3443 3444 3445 3446 3447 3448 3449 3450 3451 3452 3453 3454 3455 3456 3457 3458 3459 3460 3461 3462 3463 3464 3482 3483 3484 3485 3486 3487 3527 3528 3529 3540 3541 3542 3543 3544 3548
3263,3378 3379 3380 3381 3382 3383 3384 3417 3418 3443 3444 3445 3446 3447 3448 3449 3450 3451 3452 3453 3454 3455 3456 3457 3458 3459 3460 3461 3462 3463 3464 3482 3483 3484 3485 3486 3487 3527 3528 3529 3540 3541 3542 3543 3544 3548
3264,3378 3379 3380 3381 3382 3383 3384 3417 3418 3443 3444 3445 3446 3447 3448 3449 3450 3451 3452 3453 3454 3455 3456 3457 3458 3459 3460 3461 3462 3463 3464 3482 3483 3484 3485 3486 3487 3527 3528 3529 3540 3541 3542 3543 3544 3548
3265,3378 3379 3380 3381 3382 3383 3384 3417 3418 3443 3444 3445 3446 3447 3448 3449 3450 3451 3452 3453 3454 3455 3456 3457 3458 3459 3460 3461 3462 3463 3464 3482 3483 3484 3485 3486 3487 3527 3528 3529 3540 3541 3542 3543 3544 3548
3266,3378 3379 3380 3381 3382 3383 3384 3417 3418 3443 3444 3445 3446 3447 3448 3449 3450 3451 3452 3453 3454 3455 3456 3457 3458 3459 3460 3461 3462 3463 3464 3482 3483 3484 3485 3486 3487 3527 3528 3529 3540 3541 3542 3543 3544 3548
3267,3378 3379 3380 3381 3382 3383 3384 3417 3418 3443 3444 3445 3446 3447 3448 3449 3450 3451 3452 3453 3454 3455 3456 3457 3458 3459 3460 3461 3462 3463 3464 3482 3483 3484 3485 3486 3487 3527 3528 3529 3540 3541 3542 3543 3544 3548
3268,3378 3379 3380 3381 3382 3383 3384 3417 3418 3443 3444 3445 3446 3447 3448 3449 3450 3451 3452 3453 3454 3455 3456 3457 3458 3459 3460 3461 3462 3463 3464 3482 3483 3484 3485 3486 3487 3527 3528 3529 3540 3541 3542 3543 3544 3548
3269,3378 3379 3380 3381 3382 3383 3384 3417 3418 3443 3444 3445 3446 3447 3448 3449 3450 3451 3452 3453 3454 3455 3456 3457 3458 3459 3460 3461 3462 3463 3464 3482 3483 3484 3485 3486 3487 3527 3528 3529 3540 3541 3542 3543 3544 3548
3270,3378 3379 3380 3381 3382 3383 3384 3417 3418 3443 3444 3445 3446 3447 3448 3449 3450 3451 3452 3453 3454 3455 3456 3457 3458 3459 3460 3461 3462 3463 3464 3482 3483 3484 3485 3486 3487 3527 3528 3529 3540 3541 3542 3543 3544 3548
3271,3378 3379 3380 3381 3382 3383 3384 3417 3418 3443 3444 3445 3446 3447 3448 3449 3450 3451 3452 3453 3454 3455 3456 3457 3458 3459 3460 3461 3462 3463 3464 3482 3483 3484 3485 3486 3487 3527 3528 3529 3540 3541 3542 3543 3544 3548
3272,3378 3379 3380 3381 3382 3383 3384 3417 3418 3443 3444 3445 3446 3447 3448 3449 3450 3451 3452 3453 3454 3455 3456 3457 3458 3459 3460 3461 3462 3463 3464 3482 3483 3484 3485 3486 3487 3527 3528 3529 3540 3541 3542 3543 3544 3548
3273,3378 3379 3380 3381 3382 3383 3384 3417 3418 3443 3444 3445 3446 3447 3448 3449 3450 3451 3452 3453 3454 3455 3456 3457 3458 3459 3460 3461 3462 3463 3464 3482 3483 3484 3485 3486 3487 3527 3528 3529 3540 3541 3542 3543 3544 3548
3274,3378 3379 3380 3381 3382 3383 3384 3417 3418 3443 3444 3445 3446 3447 3448 3449 3450 3451 3452 3453 3454 3455 3456 3457 3458 3459 3460 3461 3462 3463 3464 3482 3483 3484 3485 3486 3487 3527 3528 3529 3540 3541 3542 3543 3544 3548
3275,3378 3379 3380 3381 3382 3383 3384 3417 3418 3443 3444 3445 3446 3447 3448 3449 3450 3451 3452 3453 3454 3455 3456 3457 3458 3459 3460 3461 3462 3463 3464 3482 3483 3484 3485 3486 3487 3527 3528 3529 3540 3541 3542 3543 3544 3548
3276,3378 3379 3380 3381 3382 3383 3384 3417 3418 3443 3444 3445 3446 3447 3448 3449 3450 3451 3452 3453 3454 3455 3456 3457 3458 3459 3460 3461 3462 3463 3464 3482 3483 3484 3485 3486 3487 3527 3528 3529 3540 3541 3542 3543 3544 3548
3277,3378 3379 3380 3381 3382 3383 3384 3417 3418 3443 3444 3445 3446 3447 3448 3449 3450 3451 3452 3453 3454 3455 3456 3457 3458 3459 3460 3461 3462 3463 3464 3482 3483 3484 3485 3486 3487 3527 3528 3529 3540 3541 3542 3543 3544 3548
3278,3378 3379 3380 3381 3382 3383 3384 3417 3418 3443 3444 3445 3446 3447 3448 3449 3450 3451 3452 3453 3454 3455 3456 3457 3458 3459 3460 3461 3462 3463 3464 3482 3483 3484 3485 3486 3487 3527 3528 3529 3540 3541 3542 3543 3544 3548
3279,3378 3379 3380 3381 3382 3383 3384 3417 3418 3443 3444 3445 3446 3447 3448 3449 3450 3451 3452 3453 3454 3455 3456 3457 3458 3459 3460 3461 3462 3463 3464 3482 3483 3484 3485 3486 3487 3527 3528 3529 3540 3541 3542 3543 3544 3548
3280,3378 3379 3380 3381 3382 3383 3384 3417 3418 3443 3444 3445 3446 3447 3448 3449 3450 3451 3452 3453 3454 3455 3456 3457 3458 3459 3460 3461 3462 3463 3464 3482 3483 3484 3485 3486 3487 3527 3528 3529 3540 3541 3542 3543 3544 3548
3281,3378 3379 3380 3381 3382 3383 3384 3417 3418 3443 3444 3445 3446 3447 3448 3449 3450 3451 3452 3453 3454 3455 3456 3457 3458 3459 3460 3461 3462 3463 3464 3482 3483 3484 3485 3486 3487 3527 3528 3529 3540 3541 3542 3543 3544 3548
3282,3378 3379 3380 3381 3382 3383 3384 3417 3418 3443 3444 3445 3446 3447 3448 3449 3450 3451 3452 3453 3454 3455 3456 3457 3458 3459 3460 3461 3462 3463 3464 3482 3483 3484 3485 3486 3487 3527 3528 3529 3540 3541 3542 3543 3544 3548
3283,3378 3379 3380 3381 3382 3383 3384 3417 3418 3443 3444 3445 3446 3447 3448 3449 3450 3451 3452 3453 3454 3455 3456 3457 3458 3459 3460 3461 3462 3463 3464 3482 3483 3484 3485 3486 3487 3527 3528 3529 3540 3541 3542 3543 3544 3548
3284,3378 3379 3380 3381 3382 3383 3384 3417 3418 3443 3444 3445 3446 3447 3448 3449 3450 3451 3452 3453 3454 3455 3456 3457 3458 3459 3460 3461 3462 3463 3464 3482 3483 3484 3485 3486 3487 3527 3528 3529 3540 3541 3542 3543 3544 3548
3285,3378 3379 3380 3381 3382 3383 3384 3417 3418 3443 3444 3445 3446 3447 3448 3449 3450 3451 3452 3453 3454 3455 3456 3457 3458 3459 3460 3461 3462 3463 3464 3482 3483 3484 3485 3486 3487 3527 3528 3529 3540 3541 3542 3543 3544 3548
3286,3378 3379 3380 3381 3382 3383 3384 3417 3418 3443 3444 3445 3446 3447 3448 3449 3450 3451 3452 3453 3454 3455 3456 3457 3458 3459 3460 3461 3462 3463 3464 3482 3483 3484 3485 3486 3487 3527 3528 3529 3540 3541 3542 3543 3544 3548
3287,3378 3379 3380 3381 3382 3383 3384 3417 3418 3443 3444 3445 3446 3447 3448 3449 3450 3451 3452 3453 3454 3455 3456 3457 3458 3459 3460 3461 3462 3463 3464 3482 3483 3484 3485 3486 3487 3527 3528 3529 3540 3541 3542 3543 3544 3548
3288,3378 3379 3380 3381 3382 3383 3384 3417 3418 3443 3444 3445 3446 3447 3448 3449 3450 3451 3452 3453 3454 3455 3456 3457 3458 3459 3460 3461 3462 3463 3464 3482 3483 3484 3485 3486 3487 3527 3528 3529 3540 3541 3542 3543 3544 3548
3289,3378 3379 3380 3381 3382 3383 3384 3417 3418 3443 3444 3445 3446 3447 3448 3449 3450 3451 3452 3453 3454 3455 3456 3457 3458 3459 3460 3461 3462 3463 3464 3482 3483 3484 3485 3486 3487 3527 3528 3529 3540 3541 3542 3543 3544 3548
3290,3378 3379 3380 3381 3382 3383 3384 3417 3418 3443 3444 3445 3446 3447 3448 3449 3450 3451 3452 3453 3454 3455 3456 3457 3458 3459 3460 3461 3462 3463 3464 3482 3483 3484 3485 3486 3487 3527 3528 3529 3540 3541 3542 3543 3544 3548
3291,3378 3379 3380 3381 3382 3383 3384 3417 3418 3443 3444 3445 3446 3447 3448 3449 3450 3451 3452 3453 3454 3455 3456 3457 3458 3459 3460 3461 3462 3463 3464 3482 3483 3484 3485 3486 3487 3527 3528 3529 3540 3541 3542 3543 3544 3548
3292,3378 3379 3380 3381 3382 3383 3384 3417 3418 3443 3444 3445 3446 3447 3448 3449 3450 3451 3452 3453 3454 3455 3456 3457 3458 3459 3460 3461 3462 3463 3464 3482 3483 3484 3485 3486 3487 3527 3528 3529 3540 3541 3542 3543 3544 3548
3293,3378 3379 3380 3381 3382 3383 3384 3417 3418 3443 3444 3445 3446 3447 3448 3449 3450 3451 3452 3453 3454 3455 3456 3457 3458 3459 3460 3461 3462 3463 3464 3482 3483 3484 3485 3486 3487 3527 3528 3529 3540 3541 3542 3543 3544 3548
3294,3378 3379 3380 3381 3382 3383 3384 3417 3418 3443 3444 3445 3446 3447 3448 3449 3450 3451 3452 3453 3454 3455 3456 3457 3458 3459 3460 3461 3462 3463 3464 3482 3483 3484 3485 3486 3487 3527 3528 3529 3540 3541 3542 3543 3544 3548
3295,3378 3379 3380 3381 3382 3383 3384 3417 3418 3443 3444 3445 3446 3447 3448 3449 3450 3451 3452 3453 3454 3455 3456 3457 3458 3459 3460 3461 3462 3463 3464 3482 3483 3484 3485 3486 3487 3527 3528 3529 3540 3541 3542 3543 3544 3548
3296,3378 3379 3380 3381 3382 3383 3384 3417 3418 3443 3444 3445 3446 3447 3448 3449 3450 3451 3452 3453 3454 3455 3456 3457 3458 3459 3460 3461 3462 3463 3464 3482 3483 3484 3485 3486 3487 3527 3528 3529 3540 3541 3542 3543 3544 3548
3297,3378 3379 3380 3381 3382 3383 3384 3417 3418 3443 3444 3445 3446 3447 3448 3449 3450 3451 3452 3453 3454 3455 3456 3457 3458 3459 3460 3461 3462 3463 3464 3482 3483 3484 3485 3486 3487 3527 3528 3529 3540 3541 3542 3543 3544 3548
3298,3378 3379 3380 3381 3382 3383 3384 3417 3418 3443 3444 3445 3446 3447 3448 3449 3450 3451 3452 3453 3454 3455 3456 3457 3458 3459 3460 3461 3462 3463 3464 3482 3483 3484 3485 3486 3487 3527 3528 3529 3540 3541 3542 3543 3544 3548
3299,3378 3379 3380 3381 3382 3383 3384 3417 3418 3443 3444 3445 3446 3447 3448 3449 3450 3451 3452 3453 3454 3455 3456 3457 3458 3459 3460 3461 3462 3463 3464 3482 3483 3484 3485 3486 3487 3527 3528 3529 3540 3541 3542 3543 3544 3548
3300,3385
3301,3385
3302,3386 3465 3466 3467 3468 3545
3303,3386 3465 3466 3467 3468 3545
3304,3386 3465 3466 3467 3468 3545
3305,
3306,3470 3548
3307,3387 3472 3473 3474 3475 3476 3477 3479 3480
3308,3387 3472 3473 3474 3475 3476 3477 3479 3480
3309,3387 3472 3473 3474 3475 3476 3477 3479 3480
3310,3387 3472 3473 3474 3475 3476 3477 3479 3480
3311,3387 3472 3473 3474 3475 3476 3477 3479 3480
3312,3387 3472 3473 3474 3475 3476 3477 3479 3480
3313,3387 3472 3473 3474 3475 3476 3477 3479 3480
3314,3387 3472 3473 3474 3475 3476 3477 3479 3480
3315,3387 3472 3473 3474 3475 3476 3477 3479 3480
3316,3387 3472 3473 3474 3475 3476 3477 3479 3480
3317,3387 3472 3473 3474 3475 3476 3477 3479 3480
3318,3387 3472 3473 3474 3475 3476 3477 3479 3480
3319,3387 3472 3473 3474 3475 3476 3477 3479 3480
3320,3387 3472 3473 3474 3475 3476 3477 3479 3480
3321,3387 3472 3473 3474 3475 3476 3477 3479 3480
3322,3387 3472 3473 3474 3475 3476 3477 3479 3480
3323,3387 3472 3473 3474 3475 3476 3477 3479 3480
3324,3387 3472 3473 3474 3475 3476 3477 3479 3480
3325,3387 3472 3473 3474 3475 3476 3477 3479 3480
3326,3387 3472 3473 3474 3475 3476 3477 3479 3480
3327,3387 3472 3473 3474 3475 3476 3477 3479 3480
3328,3387 3472 3473 3474 3475 3476 3477 3479 3480
3329,3387 3472 3473 3474 3475 3476 3477 3479 3480
3330,3387 3472 3473 3474 3475 3476 3477 3479 3480
3331,3387 3472 3473 3474 3475 3476 3477 3479 3480
3332,3378 3379 3380 3381 3382 3383 3384 3417 3418 3443 3444 3445 3446 3447 3448 3449 3450 3451 3452 3453 3454 3455 3456 3457 3458 3459 3460 3461 3462 3463 3464 3527 3528 3540 3541 3542 3543 3544 3548
3333,3378 3379 3380 3381 3382 3383 3384 3417 3418 3443 3444 3445 3446 3447 3448 3449 3450 3451 3452 3453 3454 3455 3456 3457 3458 3459 3460 3461 3462 3463 3464 3527 3528 3540 3541 3542 3543 3544 3548
3334,3378 3379 3380 3381 3382 3383 3384 3417 3418 3443 3444 3445 3446 3447 3448 3449 3450 3451 3452 3453 3454 3455 3456 3457 3458 3459 3460 3461 3462 3463 3464 3527 3528 3540 3541 3542 3543 3544 3548
3335,3378 3379 3380 3381 3382 3383 3384 3417 3418 3443 3444 3445 3446 3447 3448 3449 3450 3451 3452 3453 3454 3455 3456 3457 3458 3459 3460 3461 3462 3463 3464 3527 3528 3540 3541 3542 3543 3544 3548
3336,3378 3379 3380 3381 3382 3383 3384 3417 3418 3443 3444 3445 3446 3447 3448 3449 3450 3451 3452 3453 3454 3455 3456 3457 3458 3459 3460 3461 3462 3463 3464 3527 3528 3540 3541 3542 3543 3544 3548
3337,3378 3379 3380 3381 3382 3383 3384 3417 3418 3443 3444 3445 3446 3447 3448 3449 3450 3451 3452 3453 3454 3455 3456 3457 3458 3459 3460 3461 3462 3463 3464 3527 3528 3540 3541 3542 3543 3544 3548
3338,3378 3379 3380 3381 3382 3383 3384 3417 3418 3443 3444 3445 3446 3447 3448 3449 3450 3451 3452 3453 3454 3455 3456 3457 3458 3459 3460 3461 3462 3463 3464 3527 3528 3540 3541 3542 3543 3544 3548
3339,3378 3379 3380 3381 3382 3383 3384 3417 3418 3443 3444 3445 3446 3447 3448 3449 3450 3451 3452 3453 3454 3455 3456 3457 3458 3459 3460 3461 3462 3463 3464 3527 3528 3540 3541 3542 3543 3544 3548
3340,3378 3379 3380 3381 3382 3383 3384 3417 3418 3443 3444 3445 3446 3447 3448 3449 3450 3451 3452 3453 3454 3455 3456 3457 3458 3459 3460 3461 3462 3463 3464 3527 3528 3540 3541 3542 3543 3544 3548
3341,3378 3379 3380 3381 3382 3383 3384 3417 3418 3443 3444 3445 3446 3447 3448 3449 3450 3451 3452 3453 3454 3455 3456 3457 3458 3459 3460 3461 3462 3463 3464 3527 3528 3540 3541 3542 3543 3544 3548
3342,3378 3379 3380 3381 3382 3383 3384 3417 3418 3443 3444 3445 3446 3447 3448 3449 3450 3451 3452 3453 3454 3455 3456 3457 3458 3459 3460 3461 3462 3463 3464 3527 3528 3540 3541 3542 3543 3544 3548
3343,3388
3344,3388
3345,3388
3346,3414
3347,3378 3379 3380 3381 3382 3383 3384 3417 3418 3443 3444 3445 3446 3447 3448 3449 3450 3451 3452 3453 3454 3455 3456 3457 3458 3459 3460 3461 3462 3463 3464 3482 3483 3484 3485 3486 3487 3527 3528 3529 3540 3541 3542 3543 3544 3548
3348,3490 3491 3492 3495 3496 3497 3498 3499 3500 3501 3502 3503
3349,3490 3491 3492 3495 3496 3497 3498 3499 3500 3501 3502 3503
3350,3490 3491 3492 3495 3496 3497 3498 3499 3500 3501 3502 3503
3351,3490 3491 3492 3495 3496 3497 3498 3499 3500 3501 3502 3503
3352,3490 3491 3492 3495 3496 3497 3498 3499 3500 3501 3502 3503
3353,3490 3491 3492 3495 3496 3497 3498 3499 3500 3501 3502 3503
3354,3490 3491 3492 3495 3496 3497 3498 3499 3500 3501 3502 3503
3355,3504
3356,3504
3357,
3358,
3359,
3360,3391 3505
3361,3391 3505
3362,3378 3379 3380 3381 3382 3383 3384 3417 3418 3443 3444 3445 3446 3447 3448 3449 3450 3451 3452 3453 3454 3455 3456 3457 3458 3459 3460 3461 3462 3463 3464 3527 3528 3540 3541 3542 3543 3544 3548
3363,3378 3379 3380 3381 3382 3383 3384 3417 3418 3443 3444 3445 3446 3447 3448 3449 3450 3451 3452 3453 3454 3455 3456 3457 3458 3459 3460 3461 3462 3463 3464 3482 3483 3484 3485 3486 3487 3527 3528 3529 3540 3541 3542 3543 3544 3548
3364,3378 3379 3380 3381 3382 3383 3384 3417 3418 3443 3444 3445 3446 3447 3448 3449 3450 3451 3452 3453 3454 3455 3456 3457 3458 3459 3460 3461 3462 3463 3464 3482 3483 3484 3485 3486 3487 3527 3528 3529 3540 3541 3542 3543 3544 3548
3365,3518
3366,3412 3517
3367,3412 3517
3368,3412 3517
3369,3413
3370,3525 3551
3371,
3372,
3373,3429 3430
3374,3416 3427 3428 3431 3432 3435 3436 3438 3526 3532 3534 3537 3538
3375,3539
3376,3539
3377,
3378,3417 3418 3443 3444 3445 3446 3447 3448 3449 3450 3451 3452 3453 3454 3455 3456 3457 3458 3459 3460 3461 3462 3463 3464 3482 3483 3484 3485 3486 3487 3527 3528 3529 3540 3541 3542 3543 3544 3548
3379,3417 3418 3443 3444 3445 3446 3447 3448 3449 3450 3451 3452 3453 3454 3455 3456 3457 3458 3459 3460 3461 3462 3463 3464 3482 3483 3484 3485 3486 3487 3527 3528 3529 3540 3541 3542 3543 3544 3548
3380,3417 3418 3443 3444 3445 3446 3447 3448 3449 3450 3451 3452 3453 3454 3455 3456 3457 3458 3459 3460 3461 3462 3463 3464 3482 3483 3484 3485 3486 3487 3527 3528 3529 3540 3541 3542 3543 3544 3548
3381,3417 3418 3443 3444 3445 3446 3447 3448 3449 3450 3451 3452 3453 3454 3455 3456 3457 3458 3459 3460 3461 3462 3463 3464 3482 3483 3484 3485 3486 3487 3527 3528 3529 3540 3541 3542 3543 3544 3548
3382,3417 3418 3443 3444 3445 3446 3447 3448 3449 3450 3451 3452 3453 3454 3455 3456 3457 3458 3459 3460 3461 3462 3463 3464 3482 3483 3484 3485 3486 3487 3527 3528 3529 3540 3541 3542 3543 3544 3548
3383,3417 3418 3443 3444 3445 3446 3447 3448 3449 3450 3451 3452 3453 3454 3455 3456 3457 3458 3459 3460 3461 3462 3463 3464 3482 3483 3484 3485 3486 3487 3527 3528 3529 3540 3541 3542 3543 3544 3548
3384,3417 3418 3443 3444 3445 3446 3447 3448 3449 3450 3451 3452 3453 3454 3455 3456 3457 3458 3459 3460 3461 3462 3463 3464 3482 3483 3484 3485 3486 3487 3527 3528 3529 3540 3541 3542 3543 3544 3548
3385,
3386,3465 3466 3467 3468 3545
3387,3472 3473 3474 3475 3476 3477 3479 3480
3388,
3389,
3390,
3391,3505
3392,3419 3420 3421 3422
3393,3419 3420 3421 3422
3394,3419 3420 3421 3422
3395,3419 3420 3421 3422
3396,3419 3420 3421 3422
3397,3419 3420 3421 3422
3398,3419 3420 3421 3422
3399,3419 3420 3421 3422
3400,3419 3420 3421 3422
3401,3419 3420 3421 3422
3402,3419 3420 3421 3422
3403,3419 3420 3421 3422
3404,3419 3420 3421 3422
3405,3419 3420 3421 3422
3406,3419 3420 3421 3422
3407,3419 3420 3421 3422
3408,3419 3420 3421 3422
3409,3419 3420 3421 3422
3410,3419 3420 3421 3422
3411,3419 3420 3421 3422
3412,3517
3413,
3414,
3415,
3416,3427 3428 3431 3432 3435 3436 3438 3526 3532 3534 3537 3538
3417,3443 3444 3445 3446 3447 3448 3449 3450 3451 3452 3453 3454 3455 3456 3457 3458 3459 3460 3461 3462 3463 3464 3482 3483 3484 3485 3486 3487 3527 3528 3529 3540 3541 3542 3543 3544 3548
3418,3443 3444 3445 3446 3447 3448 3449 3450 3451 3452 3453 3454 3455 3456 3457 3458 3459 3460 3461 3462 3463 3464 3482 3483 3484 3485 3486 3487 3527 3528 3529 3540 3541 3542 3543 3544 3548
3419,
3420,
3421,
3422,
3423,
3424,
3425,
3426,3533
3427,3526
3428,3526 3532 3534 3537 3538
3429,
3430,
3431,3526 3532 3534 3537 3538
3432,3526 3532 3534 3537 3538
3433,
3434,
3435,3526 3532 3534 3537 3538
3436,3526 3532 3534 3537 3538
3437,3533 3534
3438,3526 3532 3534 3537 3538
3439,
3440,
3441,
3442,
3443,3527 3528 3529 3540 3541 3542 3543 3544 3548
3444,3527 3528 3529 3540 3541 3542 3543 3544 3548
3445,3527 3528 3529 3540 3541 3542 3543 3544 3548
3446,3527 3528 3529 3540 3541 3542 3543 3544 3548
3447,3527 3528 3529 3540 3541 3542 3543 3544 3548
3448,3527 3528 3529 3540 3541 3542 3543 3544 3548
3449,3527 3528 3529 3540 3541 3542 3543 3544 3548
3450,3527 3528 3529 3540 3541 3542 3543 3544 3548
3451,3527 3528 3529 3540 3541 3542 3543 3544 3548
3452,3527 3528 3529 3540 3541 3542 3543 3544 3548
3453,3527 3528 3529 3540 3541 3542 3543 3544 3548
3454,3527 3528 3529 3540 3541 3542 3543 3544 3548
3455,3527 3528 3529 3540 3541 3542 3543 3544 3548
3456,3527 3528 3529 3540 3541 3542 3543 3544 3548
3457,3527 3528 3529 3540 3541 3542 3543 3544 3548
3458,3527 3528 3529 3540 3541 3542 3543 3544 3548
3459,3527 3528 3529 3540 3541 3542 3543 3544 3548
3460,3527 3528 3529 3540 3541 3542 3543 3544 3548
3461,3527 3528 3529 3540 3541 3542 3543 3544 3548
3462,3527 3528 3529 3540 3541 3542 3543 3544 3548
3463,3527 3528 3529 3540 3541 3542 3543 3544 3548
3464,3527 3528 3529 3540 3541 3542 3543 3544 3548
3465,3545
3466,3545
3467,3545
3468,3545
3469,
3470,
3471,
3472,
3473,
3474,
3475,
3476,
3477,
3478,
3479,
3480,
3481,
3482,3527 3528 3529 3540 3541 3542 3543 3544
3483,3527 3528 3529 3540 3541 3542 3543 3544
3484,3527 3528 3529 3540 3541 3542 3543 3544
3485,3527 3528 3529 3540 3541 3542 3543 3544
3486,3527 3528 3529 3540 3541 3542 3543 3544
3487,3527 3528 3529 3540 3541 3542 3543 3544
3488,3529 3540
3489,3546
3490,
3491,
3492,
3493,
3494,
3495,
3496,
3497,
3498,
3499,
3500,
3501,
3502,
3503,
3504,
3505,
3506,
3507,
3508,
3509,
3510,
3511,
3512,3530
3513,
3514,
3515,3549
3516,
3517,
3518,
3519,
3520,
3521,3550
3522,
3523,
3524,3550
3525,3551
3526,3532 3534 3537 3538
3527,3540 3541 3542 3543 3544 3548
3528,3540 3541 3542 3543 3544 3548
3529,3540 3541 3542 3543 3544
3530,
3531,
3532,
3533,
3534,
3535,
3536,
3537,
3538,
3539,
3540,
3541,
3542,
3543,
3544,
3545,
3546,
3547,
3548,
3549,
3550,
3551,
